Jahr,Baumart,Fraß
2000,Buche,9.457492
2000,Fichte,1.129557
2000,Grenzstein,10.538110
2021,Buche,2.083789
2021,Fichte,5.650371
2021,Grenzstein,6.519301
2029,Buche,2.114335
2029,Fichte,21.779416
2029,Grenzstein,21.114805
2063,Buche,8.133747
2063,Fichte,23.068736
2063,Grenzstein,19.668505

